rank,name_vi,trading_name,code,ownership,sector,budget_payment_vnd_bn
1,Tập đoàn Công nghiệp - Năng lượng Quốc gia Việt Nam,PetroVietnam,PVN,SOE,"Oil, gas & fuels",77390.0
2,Tập đoàn Vingroup - Công ty Cổ phần,Vingroup,VIC,Private,Real estate & construction,56163.0
3,Tập đoàn Công nghiệp - Viễn thông Quân đội (Viettel),Viettel,VIETTEL,SOE,Technology & telecom,46345.0
4,Công ty TNHH Nhà máy Bia Heineken Việt Nam,Heineken Vietnam,HEINEKEN,FDI,"Food, beverage & brewing",33000.0
5,Tập đoàn Xăng dầu Việt Nam,Petrolimex,PLX,SOE,"Oil, gas & fuels",32694.0
6,Liên doanh Việt - Nga Vietsovpetro,Vietsovpetro,VIETSOVPETRO,SOE,"Oil, gas & fuels",25245.0
7,Tập đoàn Công nghiệp Than - Khoáng sản Việt Nam,Vinacomin,VINACOMIN,SOE,Coal & mining,25128.0
8,Công ty TNHH Lọc hóa dầu Nghi Sơn,NSRP,NSRP,FDI,"Oil, gas & fuels",24700.0
9,CTCP Tập đoàn Trường Hải,Thaco Group,THA,Private,Automotive,23700.0
10,Công ty Ô tô Toyota Việt Nam,Toyota Vietnam,TOYOTAVN,FDI,Automotive,22119.0
11,Tập đoàn Điện lực Việt Nam - Công ty TNHH MTV,EVN,EVN,SOE,Power & electrical,19277.0
12,Tổng Công ty Thuốc lá Việt Nam - Công ty TNHH MTV,Vinataba,VINATABA,SOE,Tobacco,18154.0
13,Tập đoàn Thành Công (TC Group),Thành Công Group,TCGROUP,Private,Automotive,16468.0
14,Công ty cổ phần Tập đoàn Hòa Phát,Hòa Phát Group,HPG,Private,Steel & building materials,13426.0
15,Tổng CTCP Bia - Rượu - Nước giải khát Sài Gòn,Sabeco,SAB,FDI,"Food, beverage & brewing",12656.0
16,Ngân hàng Thương mại cổ phần Ngoại thương Việt Nam,Vietcombank,VCB,SOE,Banking,12045.0
17,Ngân hàng Thương mại cổ phần Đầu tư và Phát triển Việt Nam,BIDV,BID,SOE,Banking,10074.0
18,Tổng Công ty Đầu tư và Kinh doanh vốn Nhà nước,SCIC,SCIC,SOE,Finance & investment,9568.0
19,Công ty Cổ phần FPT,FPT,FPT,Private,Technology & telecom,9227.0
20,Ngân hàng Nông nghiệp và Phát triển Nông thôn Việt Nam,Agribank,AGRIBANK,SOE,Banking,9178.0
21,Ngân hàng Thương mại Cổ phần Công thương Việt Nam,Vietinbank,CTG,SOE,Banking,8973.0
22,Ngân hàng Thương mại cổ phần Quân đội,MB,MBB,SOE,Banking,8625.0
23,Tổng Công ty Thương mại Sài Gòn - TNHH MTV,Satra,SATRA,SOE,Retail & trade,8212.0
24,Ngân hàng TMCP Kỹ Thương Việt Nam,Techcombank,TCB,Private,Banking,6775.0
25,Ngân hàng TMCP Phát triển T.P Hồ Chí Minh,HDBank,HDB,Private,Banking,6021.0
26,Ngân hàng Thương mại Cổ phần Việt Nam Thịnh Vượng,VPBank,VPB,Private,Banking,5846.0
27,Ngân hàng Thương Mại Cổ Phần Á Châu,ACB,ACB,Private,Banking,5507.0
28,Công ty Đầu tư Tài chính Nhà nước T.P Hồ Chí Minh,HFIC,HFIC,SOE,Finance & investment,5378.0
29,Tập đoàn Bưu chính Viễn thông Việt Nam,VNPT,VNPT,SOE,Technology & telecom,5369.0
30,Công ty Cổ phần Tập đoàn MaSan,Masan Group,MSN,Private,"Food, beverage & brewing",4803.0
31,Công ty TNHH Ford Việt Nam,Ford Vietnam,FORDVN,FDI,Automotive,4634.0
32,Công ty Cổ phần Sữa Việt Nam,Vinamilk,VNM,Private,"Food, beverage & brewing",4569.0
33,Tổng công ty Cảng hàng không Việt Nam - CTCP,ACV,ACV,SOE,Aviation,4475.0
34,Tổng Công ty Khánh Việt,Khatoco,KHATOCO,SOE,Tobacco,4081.0
35,Tổng CTCP Bia - Rượu - Nước giải khát Hà Nội,Habeco,BHN,SOE,"Food, beverage & brewing",4049.0
36,Tổng Công ty Công nghiệp Sài Gòn - TNHH Một thành viên,CNS,CNS,SOE,Tobacco,3975.0
37,Ngân hàng Thương mại Cổ phần Sài Gòn Tài Lộc,Sacombank,STB,Private,Banking,3916.0
38,Công ty TNHH Bia Carlsberg Việt Nam,Carlsberg Việt Nam,CARLSBERG,FDI,"Food, beverage & brewing",3900.0
39,Tổng Công ty Thương mại Xuất nhập khẩu Thanh Lễ - CTCP,Thalexim,TLP,Private,"Oil, gas & fuels",3426.0
40,Ngân hàng Thương mại cổ phần Lộc Phát Việt Nam,LPBank,LPB,Private,Banking,3359.0
41,Tổng Công ty Cấp nước Sài Gòn,Sawaco,SAWACO,SOE,Water & utilities,3211.0
42,Tổng Công ty Hàng không Việt Nam - CTCP,Vietnam Airlines,HVN,SOE,Aviation,3152.0
43,Tổng Công ty Quản lý bay Việt Nam,VATM,VATM,SOE,Aviation,2898.0
44,Tập đoàn Công nghiệp Cao su Việt Nam,Vietnam Rubber Group,GVR,SOE,"Chemicals, plastics & rubber",2750.0
45,Công ty Cổ phần Tập đoàn GELEX,Gelex,GEX,Private,Power & electrical,2732.0
46,Công ty TNHH MTV - Tổng Công ty Tân Cảng Sài Gòn,Saigon New Port/SNP,SNP,SOE,Logistics & ports,2672.0
47,Ngân hàng Thương mại cổ phần Quốc tế Việt Nam,VIB,VIB,Private,Banking,2618.0
48,Sở Giao dịch Chứng khoán Việt Nam,Vietnam Exchange,VNEX,SOE,Finance & investment,2583.0
49,Xổ số kiến thiết tỉnh Trà Vinh,Trà Vinh Lottery,XSTV,SOE,Lottery,2565.0
50,Tập đoàn Hoá chất Việt Nam,Vinachem,VINACHEM,SOE,"Chemicals, plastics & rubber",2530.0
51,Ngân hàng Thương mại cổ phần Sài Gòn - Hà Nội,SHB,SHB,Private,Banking,2466.0
52,Công ty TNHH Xổ số kiến thiết tỉnh Tây Ninh,Tây Ninh Lottery,XSTN,SOE,Lottery,2463.0
53,Công ty TNHH MTV Xổ số kiến thiết Lâm Đồng,Lâm Đồng Lottery,XSLD,SOE,Lottery,2447.0
54,Công ty TNHH MTV Xổ Số Kiến Thiết Bến Tre,Bến Tre Lottery,XSBENTRE,SOE,Lottery,2438.0
55,Tổng Công ty Đông Bắc - BQP,Necorp,NECORP,SOE,Coal & mining,2427.0
56,Công ty TNHH MTV Xổ số kiến thiết Cà Mau,Cà Mau Lottery,XSCM,SOE,Lottery,2414.0
57,Công ty Cổ phần Vincom Retail,Vincom Retail,VRE,Private,Real estate & construction,2371.0
58,CÔNG TY TNHH MTV XỔ SỐ KIẾN THIẾT TỈNH ĐỒNG THÁP,Đồng Tháp Lottery,XSDT,SOE,Lottery,2364.0
59,Công ty TNHH MTV Thương mại Dầu khí Đồng Tháp,Petimex,PDT,SOE,"Oil, gas & fuels",2354.0
60,CÔNG TY TNHH MTV XỔ SỐ KIẾN THIẾT KIÊN GIANG,Kiên Giang Lottery,XSKG,SOE,Lottery,2348.0
61,Ngân hàng Thương mại cổ phần Tiên Phong,TPBank,TPB,Private,Banking,2314.0
62,Công ty cổ phần Chứng khoán VPS,VPS Securities,VCK,Private,Securities,2302.0
63,CÔNG TY TNHH MTV XỔ SỐ KIẾN THIẾT BÌNH DƯƠNG,Bình Dương Lottery,XSBINHDUONG,SOE,Lottery,2302.0
64,CÔNG TY TNHH MTV XỔ SỐ KIẾN THIẾT AN GIANG,An Giang Lottery,XSAG,SOE,Lottery,2290.0
65,Công ty Cổ phần Tổng công ty hợp tác kinh tế Việt Lào,VILAOCO,VILAOCO,Private,Real estate & construction,2257.0
66,Công ty TNHH MTV Xổ số kiến thiết Bình Thuận,Bình Thuận Lottery,XSBINHTHUAN,SOE,Lottery,2234.0
67,CÔNG TY TNHH MTV XỔ SỐ KIẾN THIẾT BẠC LIÊU,Bạc Liêu Lottery,XSBL,SOE,Lottery,2219.0
68,CÔNG TY TNHH MTV XỔ SỐ KIẾN THIẾT TỈNH BÀ RỊA - VŨNG TÀU,BRVT Lottery,XSBRVT,SOE,Lottery,2216.0
69,Công ty TNHH MTV Xổ số kiến thiết Vĩnh Long,Vĩnh Long Lottery,XSVL,SOE,Lottery,2216.0
70,CÔNG TY TNHH NHÀ NƯỚC MTV XỔ SỐ KIẾN THIẾT CẦN THƠ,Cần Thơ Lottery,XSCT,SOE,Lottery,2203.0
71,CÔNG TY TNHH MTV XỔ SỐ KIẾN THIẾT LONG AN,Long An Lottery,XSLA,SOE,Lottery,2200.0
72,CÔNG TY TNHH MTV XỔ SỐ KIẾN THIẾT TIỀN GIANG,Tiền Giang Lottery,XSTG,SOE,Lottery,2197.0
73,CÔNG TY TNHH MTV XỔ SỐ KIẾN THIẾT VÀ DỊCH VỤ TỔNG HỢP ĐỒNG NAI,Đồng Nai Lottery,XSDONGNAI,SOE,Lottery,2172.0
74,Công ty TNHH MTV Xổ số kiến thiết Sóc Trăng,Sóc Trăng Lottery,XSST,SOE,Lottery,2162.0
75,Công ty Cổ phần Vàng bạc Đá quý Phú Nhuận,PNJ,PNJ,Private,Retail & trade,2116.0
76,Công ty TNHH MTV Xổ số điện toán Việt Nam,Vietlott,VIETLOTT,SOE,Lottery,2080.0
77,Công ty TNHH MTV Xổ số kiến thiết Hậu Giang,Hậu Giang Lottery,XSHG,SOE,Lottery,2005.0
78,Tổng Công ty Du lịch Sài Gòn - TNHH Một thành viên,Saigontourist,SAIGONTOURIST,SOE,Tourism & hospitality,1988.0
79,Tập đoàn Bảo Việt,BaoViet Holdings,BVH,SOE,Insurance,1967.0
80,Tổng CTCP Xuất nhập khẩu và Xây dựng Việt Nam,Vinaconex,VCG,Private,Real estate & construction,1822.0
81,Ngân hàng Thương mại cổ phần Hàng hải Việt Nam,MSB,MSB,Private,Banking,1784.0
82,Công ty Cổ phần Đầu tư và Kinh doanh nhà Khang Điền,Khang Điền,KDH,Private,Real estate & construction,1701.0
83,Tập đoàn Đầu tư và Phát triển công nghiệp Becamex - CTCP,Becamex IDC,BCM,SOE,Real estate & construction,1692.0
84,Công ty cổ phần Chứng khoán SSI,SSI,SSI,Private,Securities,1664.0
85,Công ty Cổ phần Tập đoàn Hoa Sen,Hoa Sen Group,HSG,Private,Steel & building materials,1653.0
86,Công ty TNHH MTV Xổ số kiến thiết và dịch vụ tổng hợp Bình Phước,Bình Phước Lottery,XSBP,SOE,Lottery,1617.0
87,Tổng công ty IDICO - Công ty Cổ phần,IDICO,IDC,Private,Power & electrical,1601.0
88,Công ty Cổ phần Tập đoàn VNG,VNG Group,VNZ,Private,Technology & telecom,1588.0
89,Công ty Cổ phần Cơ điện lạnh,REE,REE,Private,Power & electrical,1447.0
90,Công ty Cổ phần Tập đoàn PC1,PC1 Group,PC1,Private,Power & electrical,1446.0
91,Công ty Cổ phần Tập đoàn BIM,BIM Group,BIMGROUP,Private,Power & electrical,1444.0
92,Tổng Công ty Công nghiệp Thực phẩm Đồng Nai,Dofico,DOFICO,SOE,Tobacco,1440.0
93,Công ty Cổ phần PVI,PVI Holdings,PVI,FDI,Insurance,1437.0
94,Ngân hàng Thương mại cổ phần Đông Nam Á,Seabank,SSB,Private,Banking,1419.0
95,Công ty cổ phần Đầu tư Bất động sản Taseco,Taseco Land,TAL,Private,Real estate & construction,1398.0
96,Công ty Cổ phần đầu tư Thế giới di động,Mobile World Group,MWG,Private,Retail & trade,1297.0
97,Ngân hàng Thương mại cổ phần Nam Á,NamA Bank,NAB,Private,Banking,1294.0
98,Tổng Công ty Cơ khí Giao thông Vận tải Sài Gòn - TNHH MTV,SAMCO,SAMCO,SOE,Automotive,1273.0
99,Công ty TNHH VSIP Nghệ An,VSIP Nghệ An,VSIPNA,FDI,Real estate & construction,1261.0
100,CTCP Đầu tư Thương mại Xuất nhập khẩu Việt Phát,Việt Phát,VPG,Private,Retail & trade,1242.0
101,CTCP Bia Sài Gòn - Miền Trung,Bia Sài Gòn - Miền Trung,SMB,Private,"Food, beverage & brewing",1206.0
102,Công ty cổ phần Phát triển Bất động sản Phát Đạt,Phát Đạt,PDR,Private,Real estate & construction,1192.0
103,Tổng Công ty Địa ốc Sài Gòn - TNHH MTV,Resco,RESCO,SOE,Real estate & construction,1183.0
104,Ngân hàng Thương mại cổ phần Phương Đông,OCB,OCB,Private,Banking,1183.0
105,Công ty cổ phần Đầu tư Nam Long,Nam Long,NLG,Private,Real estate & construction,1153.0
106,Công ty Cổ phần Hàng không Vietjet,Vietjetair,VJC,Private,Aviation,1150.0
107,Công ty cổ phần Tập đoàn Đầu tư Địa ốc No Va,Novaland Group,NVL,Private,Real estate & construction,1145.0
108,Công ty Cổ phần Nguyên liệu Á Châu AIG,AIG Group,AIG,Private,"Food, beverage & brewing",1138.0
109,Tổng Công ty Đầu tư Phát triển nhà và Đô thị-Công ty TNHH,HUD,HUDX,SOE,Real estate & construction,1138.0
110,Công ty TNHH điện Nghi Sơn 2,Nghi Sơn 2,NS2PC,FDI,Power & electrical,1100.0
111,Công ty Cổ phần Thép Nam Kim,Nam Kim,NKG,Private,Steel & building materials,1092.0
112,Công ty TNHH MTV Dầu khí Thành phố Hồ Chí Minh,Saigon Petro,SAIGONPETRO,SOE,"Oil, gas & fuels",1070.0
113,Tổng Công ty Hàng hải Việt Nam - CTCP,VIMC,MVN,SOE,Logistics & ports,1060.0
114,CTCP Tập đoàn Vàng bạc đá quý Doji,DOJI,DOJI,Private,Real estate & construction,1056.0
115,Ngân hàng Thương mại Cổ phần Xuất nhập khẩu Việt Nam,Eximbank,EIB,Private,Banking,1050.0
116,Tổng Công ty Công nghiệp Xi măng Việt Nam,Vicem,VICEM,SOE,Steel & building materials,1038.0
117,Công ty Cổ phần Đường Quảng Ngãi,QNS,QNS,Private,"Food, beverage & brewing",1020.0
118,Công ty Cổ phần Đầu tư và Xây dựng số 18,Licogi 18,L18,Private,Real estate & construction,1007.0
119,Công ty TNHH Apple Việt Nam,Apple Việt Nam,APPLE,FDI,Retail & trade,1000.0
120,Công ty TNHH Thương mại và Dịch vụ Long Hưng,Long Hưng Petro,LONGHUNG,Private,"Oil, gas & fuels",1000.0
121,Công ty TNHH Mercedes-Benz Việt Nam,Mercedes-Benz VietNam,MERCEDESVN,FDI,Automotive,1000.0
122,Công ty cổ phần Nhiên liệu Phúc Lâm,PHUC LAM FUEL CORP,PHUCLAM,Private,"Oil, gas & fuels",1000.0
123,Công ty cổ phần Quốc Lộc Phát,The Metropole Thủ Thiêm,QLPR,Private,Real estate & construction,1000.0
124,CTCP TẬP ĐOÀN VAS NGHI SƠN,VAS Nghi Sơn,VASNS,Private,Steel & building materials,1000.0
125,Công ty TNHH World Auto,World Auto,WORLDAUTO,Private,Other,1000.0
126,HSBC Việt Nam,HSBC Việt Nam,HSBC,FDI,Banking,987.0
127,Công ty Cổ phần Tasco,TASCO,HUT,Private,Automotive,978.0
128,Công ty TNHH Bảo hiểm Nhân thọ Dai-ichi Việt Nam,Dai-ichi Life,DAIICHILIFE,FDI,Insurance,970.0
129,Công ty cổ phần Chứng khoán VNDirect,VNDirect,VND,Private,Securities,942.0
130,CTCP Bia và nước giải khát Hạ Long,Halobeco,HLB,Private,"Food, beverage & brewing",884.0
131,Tập đoàn Dệt may Việt Nam,Vinatex,VGT,SOE,Manufacturing & other industry,850.0
132,Công ty Cổ phần Thực phẩm dinh dưỡng Nutifood,Nutifood,NUTIFOOD,Private,"Food, beverage & brewing",833.0
133,Công ty Cổ phần BLUEMARQ GROUP,BLUEMARQ GROUP,DXG,Private,Real estate & construction,821.0
134,Công ty TNHH Một thành viên - Tập đoàn Đường sắt Quốc gia Việt Nam,Vietnam Railways,VNRAILWAYS,SOE,Other,810.0
135,CTCP Kim Long Motor Huế,KIM LONG MOTORS,KLMH,Private,Automotive,800.0
136,Tổng Công ty Cổ phần phát triển khu Công nghiệp,Sonadezi,SNZ,SOE,Real estate & construction,799.0
137,Công ty Cổ phần Sữa Quốc tế Lof,LOF,IDP,Private,"Food, beverage & brewing",780.0
138,Công ty TNHH Bảo hiểm Nhân thọ Prudential Việt Nam,Prudential,PRUDENTIAL,FDI,Insurance,773.0
139,Công ty cổ phần Đầu tư Dịch vụ Tài chính Hoàng Huy,Hoang Huy Group,TCH,Private,Real estate & construction,772.0
140,CTCP Tập đoàn Hoá chất Đức Giang,Đức Giang Chem,DGC,Private,"Chemicals, plastics & rubber",761.0
141,Tổng Công ty Đầu tư và phát triển Nhà Hà Nội,Handico,HANDICO,SOE,Real estate & construction,752.0
142,Công ty Cổ phần Chứng khoán Thành phố Hồ Chí Minh,HSC,HCM,Private,Securities,721.0
143,TỔNG CÔNG TY BƯU ĐIỆN VIỆT NAM,VNPost,VNPOST,SOE,Logistics & ports,718.0
144,Tổng Công ty Thép Việt Nam - CTCP,VNSteel,TVN,SOE,Steel & building materials,713.0
145,Tổng Công ty Phát triển đường cao tốc Việt Nam,VEC,VECX,SOE,Real estate & construction,671.0
146,Công ty Cổ phần Tập đoàn PAN,The PAN Group,PAN,Private,"Food, beverage & brewing",656.0
147,Công ty TNHH Phát triển Nam Hội An,Hoiana,HOIANA,FDI,Tourism & hospitality,650.0
148,Công ty cổ phần FECON,Fecon,FCN,Private,Real estate & construction,641.0
149,Công ty TNHH MTV Nước sạch Hà Nội,Hawaco,HAWACO,SOE,Water & utilities,638.0
150,Tổng công ty Cổ phần Dịch vụ Tổng hợp Dầu khí,Petrosetco,PET,Private,Retail & trade,637.0
151,CTCP Bia Sài Gòn - Bến Tre,Bia Sai Gon - Ben Tre,BSGBT,Private,"Food, beverage & brewing",626.0
152,Công ty cổ phần Phát triển Bất động sản Văn Phú,Văn Phú,VPI,Private,Real estate & construction,620.0
153,Công ty TNHH Bảo hiểm Nhân thọ AIA Việt Nam,AIA Việt Nam,AIAL,FDI,Insurance,607.0
154,CTCP Chứng khoán Mirae Asset (Việt Nam),MAS,MIRAEASSET,FDI,Securities,602.0
155,Tổng Công ty Sông Đà - Công ty cổ phần,Sông Đà Corp,SJG,SOE,Real estate & construction,600.0
156,CTCP Đầu tư Phát triển Máy Việt Nam,VIMID,VVS,Private,Automotive,592.0
157,Tập đoàn KIDO,Kido Group,KDC,Private,"Food, beverage & brewing",589.0
158,Công ty TNHH Manulife (Việt Nam),Manulife Vietnam,MANULIFE,FDI,Insurance,588.0
159,Tổng Công ty Xây dựng Sài Gòn - TNHH MTV,Saigoncons/SGCC,SAIGONCONS,SOE,Real estate & construction,585.0
160,Công ty cổ phần Chứng khoán Vietcap,Vietcap Securities,VCI,Private,Securities,570.0
161,CTCP Bia Sài Gòn - Vĩnh Long,Savibeco,BSGVL,Private,"Food, beverage & brewing",568.0
162,Công ty Cổ phần Gỗ An Cường,An Cường Wood,ACG,Private,Steel & building materials,547.0
163,CTCP Thành Thành Công - Biên Hòa,AgriS,SBT,Private,"Food, beverage & brewing",542.0
164,Công ty Cổ phần Tập đoàn Sao Mai,Sao Mai Group,ASM,Private,Real estate & construction,537.0
165,Tổng Công ty Phát triển đô thị Kinh Bắc-CTCP,Kinh Bac City,KBC,Private,Real estate & construction,525.0
166,Công ty TNHH Nước giải khát Coca - Cola Việt Nam,Coca-Cola Vietnam,COCACOLA,FDI,Other,500.0
167,Công ty TNHH Grab,GRAB,GRAB,FDI,Technology & telecom,500.0
168,Công ty TNHH Nước giải khát Suntory PepsiCo Việt Nam,Suntory Pepsi,PEPSI,FDI,"Food, beverage & brewing",500.0
169,CÔNG TY TNHH SPX EXPRESS,SPX Express,SPXE,FDI,Other,500.0
170,CTCP Quốc tế Sơn Hà,Sơn Hà,SHI,Private,Manufacturing & other industry,495.0
171,Tổng Công ty lưu ký và bù trừ Chứng khoán Việt Nam,VSDC,VSDC,SOE,Finance & investment,480.0
172,Công ty Cổ phần Tập đoàn Công nghệ CMC,CMC Group,CMG,Private,Technology & telecom,479.0
173,Công ty cổ phần Bamboo Capital,Bamboo Capital Group,BCG,Private,Power & electrical,477.0
174,Công ty Cổ phần Tập đoàn Hà Đô,Hà Đô Group,HDG,Private,Power & electrical,476.0
175,Công ty Cổ phần Tập đoàn Gemadept,Gemadept,GMD,Private,Logistics & ports,443.0
176,Tổng Công ty Công nghiệp In - Bao bì Liksin,Liksin,LIKSIN,SOE,Manufacturing & other industry,443.0
177,Công ty Cổ phần Thực phẩm Sữa TH,TH Milk Food,THMF,Private,"Food, beverage & brewing",441.0
178,Công ty cổ phần Đầu tư F88,F88 Investment,F88,Private,Finance & investment,435.0
179,Ngân hàng Thương mại cổ phần Bắc Á,BacA Bank,BAB,Private,Banking,421.0
180,Tổng Công ty Trực thăng Việt Nam - Công ty TNHH,Vietnam Helicopters,VNHELICOPTER,SOE,Aviation,418.0
181,Tổng Công ty Máy động lực và máy nông nghiệp Việt Nam - CTCP,VEAM,VEA,SOE,Automotive,412.0
182,Công ty Cổ phần Nhựa Bình Minh,Nhựa Bình Minh,BMP,FDI,Steel & building materials,405.0
183,Công ty cổ phần Chứng khoán HD,HD Securities,HDBS,Private,Securities,400.0
184,Công ty TNHH Nhà nước MTV Yến sào Khánh Hòa,Yến Sào Khánh Hòa,YSKH,SOE,"Food, beverage & brewing",388.0
185,CTCP DNP Holding,DNP Holding,DNP,Private,Water & utilities,381.0
186,Công ty Cổ phần Tập đoàn Golden Gate,Golden Gate Group,GOLDENGATE,Private,"Food, beverage & brewing",377.0
187,CTCP Phát triển Sunshine Homes,Sunshine Homes,SSH,Private,Real estate & construction,376.0
188,CTCP Bia Sài Gòn - Phú Thọ,Bia Sài Gòn - Phú Thọ,BSP,Private,"Food, beverage & brewing",374.0
189,CTCP Tập đoàn Đèo Cả,Đèo Cả Group,DEOCA,Private,Real estate & construction,370.0
190,CTCP đầu tư hạ tầng kỹ thuật TP. Hồ Chí Minh,CII,CII,Private,Real estate & construction,368.0
191,CTCP Xây dựng và Sản xuất Vật liệu Xây dựng Biên Hòa,BBCC,VLB,Private,Steel & building materials,363.0
192,Công ty Cổ phần Vĩnh Hoàn,Vĩnh Hoàn,VHC,Private,"Food, beverage & brewing",362.0
193,Tổng CTCP Bảo hiểm Petrolimex,PG Insurance,PGI,Private,Insurance,359.0
194,Công ty TNHH Bảo hiểm Nhân thọ Cathay Việt Nam,Cathay Life,CATHAYLIFE,FDI,Insurance,353.0
195,Công ty Cổ phần Tập đoàn Đầu tư Thăng Long,Thăng Long Invest,TIG,Private,Finance & investment,353.0
196,Công ty Cổ phần Bóng đèn Phích nước Rạng Đông,Rạng Đông,RAL,Private,Manufacturing & other industry,352.0
197,Công ty Cổ phần Nông sản thực phẩm Quảng Ngãi,APFCO,APF,Private,Manufacturing & other industry,347.0
198,Công ty Cổ phần Tập đoàn Thiên Long,Thiên Long,TLG,Private,Manufacturing & other industry,345.0
199,Công ty cổ phần Chứng khoán Tiên Phong,TPS,ORS,Private,Securities,343.0
200,CTCP Bia - Nước giải khát Sài Gòn - Tây Đô,TDBeco,STD,Private,"Food, beverage & brewing",337.0
